test,predict
3.6432222219999995,3.551207
3.383777778,3.5176408
3.339777778,3.5711102
4.044,3.4880185
3.680888889,3.4353993
3.424777778,3.3549309
3.466111111,3.3500345
3.470333333,3.275316
3.522222222,3.2745469
3.398666667,3.3604045
3.265777778,3.3782313
3.177222222,3.2639754
3.268555556,3.102468
3.263222222,2.9620576
3.061888889,3.0345688
3.212666667,3.5359738
3.219111111,3.6181796
3.1401111110000004,3.5420194
3.081222222,3.1225438
3.1951111110000006,2.8351543
3.164777778,2.708224
3.287888889,2.7450657
3.361111111,2.7730808
