test,predict
3.439888889,3.1987898
3.566666667,3.390367
3.6527777780000004,3.4012656
4.180555556,3.582809
3.887,3.4304
3.747111111,3.263552
3.7238888889999995,3.267172
3.6333333329999995,3.1891925
3.439555556,3.3280296
3.402666667,3.135607
3.162777778,3.0112922
3.145888889,3.0722113
3.336222222,3.119753
3.028777778,3.2122846
2.881555556,3.1004968
2.794666667,3.0777407
2.818555556,3.1531656
2.762222222,3.0835633
2.901111111,2.9530127
2.9221111109999995,2.9980812
2.893666667,3.413237
2.941111111,3.6203995
2.9066666670000005,3.4325483
