test,predict
4.449555556,3.1629465
4.023333333,3.3639016
3.948444444,3.3917117
3.3478888890000005,3.0450032
3.348,2.9202988
3.424,3.0041685
3.420888889,2.8935874
3.226666667,3.306752
3.051333333,3.1989088
3.029444444,3.0649667
3.196555556,3.0598538
3.096888889,2.8939302
3.162777778,2.8661306
3.1025555559999995,2.916026
3.053555556,2.9905312
3.005888889,2.9070868
3.043444444,2.9525323
3.149888889,2.88352
3.121888889,2.9200537
3.016777778,2.9340904
3.085555556,2.997227
3.0960000000000005,2.9226565
2.971333333,2.8495972
